accuracy,dice_coefficient,loss,val_accuracy,val_dice_coefficient,val_loss
0.55641371,0.562523723,1.098000288,0.692387104,0.62644887,0.932694674
0.589093983,0.611858487,0.975277543,0.697882712,0.644783854,0.881613255
0.609449923,0.628243804,0.92628926,0.725678086,0.661827683,0.828026533
0.621624053,0.641458988,0.896557212,0.736603379,0.687499285,0.798927665
0.641415298,0.652673841,0.862967432,0.769153416,0.655478954,0.790640891
0.64876771,0.661326289,0.845306158,0.779672265,0.671952844,0.760257959
0.662753284,0.672178328,0.816530228,0.759896219,0.714764595,0.737280369
0.670520008,0.680949092,0.79732883,0.781975687,0.713951826,0.710639477
0.682422578,0.689233184,0.77491039,0.790047586,0.680491567,0.738907754
0.684946537,0.69182694,0.767028987,0.800295413,0.716758192,0.688008249
0.688751698,0.697883189,0.755525708,0.800003648,0.717401206,0.680544794
0.690503061,0.698026776,0.75338161,0.802942514,0.724346519,0.670308769
0.695164561,0.704862356,0.739345133,0.806611955,0.732295394,0.66011256
0.701325059,0.709395289,0.728117466,0.811535656,0.731287718,0.653629065
0.699863911,0.709100604,0.72969687,0.810601175,0.731567264,0.659733891
0.702271998,0.712348521,0.722360313,0.795422971,0.746699095,0.664727867
0.707776129,0.719684482,0.706628621,0.814086914,0.741282761,0.638429403
0.711053729,0.722667396,0.698561788,0.814003289,0.750323057,0.627914906
0.710261941,0.721673429,0.699745059,0.820872188,0.745838583,0.630528867
0.713765025,0.72783339,0.688582301,0.819142461,0.756419659,0.618066072
0.714593649,0.726966679,0.689013124,0.822214365,0.742986381,0.626429081
0.713930786,0.726295173,0.690693021,0.824057639,0.74870646,0.618966341
0.716273189,0.729294896,0.68329066,0.826068103,0.757256329,0.605583012
0.718936026,0.730691731,0.678349078,0.821542978,0.762650847,0.605870605
0.722212255,0.734820008,0.668277383,0.824872434,0.763823032,0.600020349
0.723107517,0.741290748,0.658580184,0.827810645,0.764592767,0.592367172
0.72685951,0.737895489,0.658474565,0.829935312,0.769341111,0.587352574
0.726627827,0.74204886,0.653210938,0.831404448,0.771052122,0.580995739
0.728975475,0.745098293,0.646328568,0.832786262,0.769101918,0.580771804
0.731459618,0.746475339,0.642349184,0.823194563,0.765850782,0.593774557
0.726902366,0.744279087,0.651268303,0.833605945,0.771557748,0.580462873
0.72930336,0.745326161,0.645610273,0.81663084,0.772502124,0.603948593
0.729382813,0.743100524,0.649569988,0.828316033,0.773036242,0.585821033
0.728531599,0.744449258,0.647570848,0.8306427,0.772635996,0.581460953
0.735055029,0.752399504,0.629583597,0.837427974,0.770695865,0.571281195
0.735243142,0.75042367,0.63163805,0.833976448,0.78084439,0.571699381
0.736851931,0.75488615,0.624618709,0.833359957,0.780008435,0.572876036
0.734354734,0.753010452,0.629900753,0.842424929,0.776892304,0.558459997
0.736444235,0.754892945,0.624216557,0.831591189,0.780751586,0.573011518
0.736430526,0.754379034,0.625491977,0.842533588,0.772853971,0.561236322
0.741029561,0.758548617,0.613191783,0.841264665,0.785530686,0.554516554
0.740998387,0.760180056,0.611552835,0.84692502,0.777106285,0.553833008
0.740331173,0.759088039,0.613577366,0.845108032,0.780317724,0.55120039
0.737485349,0.756984532,0.619687319,0.837904036,0.783137083,0.564818561
0.739026725,0.761648536,0.610703111,0.845122099,0.780693769,0.547984302
0.743317366,0.762497962,0.605657578,0.845381498,0.783179939,0.546565533
0.743979514,0.763187766,0.603684604,0.846635759,0.780787945,0.547198713
0.744942248,0.765382886,0.599543393,0.840595722,0.778836489,0.557923675
0.743296504,0.763513982,0.6032148,0.849177837,0.786856532,0.541138113
0.745160758,0.76744324,0.595093548,0.845868528,0.789222836,0.54376477
0.70687902,0.721398473,0.71449995,0.829811394,0.761674702,0.593097448
0.735003173,0.749815345,0.632784069,0.843093872,0.782945395,0.55182445
0.743316174,0.762410104,0.605115712,0.845969856,0.784581602,0.544904709
0.744165421,0.767171264,0.597566724,0.843932509,0.7844491,0.54658705
0.748365581,0.767755687,0.591257155,0.847003758,0.791054726,0.539750934
0.747488379,0.770308137,0.589201868,0.842078865,0.788864791,0.547808707
0.746528327,0.768737316,0.592538655,0.84157896,0.787527502,0.547671914
0.747538805,0.769347489,0.590642512,0.847575068,0.790542066,0.537015438
0.750240505,0.771471322,0.584263504,0.844973743,0.788029015,0.542547345
0.750986814,0.773416877,0.580751956,0.851414204,0.791763902,0.530455768
0.752369165,0.774841785,0.575350046,0.850849628,0.790972054,0.53159976
0.752913713,0.775183558,0.575090528,0.851235986,0.793228567,0.527960896
0.751493633,0.775366485,0.576804876,0.849633813,0.793487847,0.532708943
0.752722383,0.773983181,0.577049136,0.854802251,0.791806817,0.526881695
0.752407491,0.775141358,0.576519668,0.851420283,0.791569471,0.527754843
0.752199948,0.776320457,0.573993921,0.843496084,0.793916285,0.543215156
0.752420306,0.776788116,0.573611081,0.850155652,0.793176472,0.5302037
0.752198994,0.776843071,0.574430704,0.855400383,0.786194205,0.528248429
0.752162457,0.77426368,0.576494217,0.845373511,0.796218157,0.538035393
0.753488421,0.779632568,0.568511069,0.850515127,0.792994738,0.529015124
0.754990101,0.778998733,0.566693723,0.855092168,0.798366666,0.518657625
0.755211413,0.778517365,0.56762141,0.853420436,0.797262132,0.522387445
0.756271482,0.782297373,0.560925007,0.856007099,0.796876311,0.518824816
0.756256819,0.780363798,0.563014627,0.858397841,0.797571838,0.513692677
0.758017719,0.782282472,0.557541907,0.856810331,0.798521399,0.515468836
0.756438971,0.784747481,0.556943953,0.849759519,0.794279218,0.526505649
0.760183692,0.78379482,0.553667068,0.858007789,0.799203336,0.512396574
0.757797241,0.782818913,0.556917608,0.851802349,0.800774574,0.522841573
0.758069694,0.784219086,0.556082666,0.860090971,0.801559985,0.509205401
0.761783063,0.787456095,0.547189474,0.858020604,0.803491592,0.510206044
0.758106828,0.785376489,0.55415386,0.853296518,0.798971713,0.522184849
0.757632673,0.784159601,0.556764543,0.85244143,0.797682285,0.521100104
0.760440171,0.785205483,0.551187217,0.850789785,0.799992561,0.524725437
0.758785427,0.785006344,0.553525329,0.850128174,0.801451445,0.524816096
0.761527002,0.788707256,0.544140756,0.857785642,0.802810252,0.508256495
0.761554837,0.787080467,0.546983004,0.857619643,0.803010821,0.510600388
0.76269424,0.791278124,0.539779127,0.85839355,0.802478254,0.509381115
0.76032275,0.788133264,0.547240257,0.862788081,0.803393841,0.500546992
0.762896121,0.791712165,0.538263977,0.857269287,0.805953681,0.508776844
0.761888564,0.789683461,0.543893635,0.862307131,0.803690434,0.499181837
0.764556646,0.791715741,0.53624481,0.857136846,0.808801055,0.511499941
0.764186025,0.793243647,0.535677135,0.862872899,0.802553236,0.507529855
0.763646364,0.791597724,0.538113832,0.861156642,0.800793409,0.505074501
0.763774037,0.792564392,0.535901666,0.859384179,0.80912149,0.506542802
0.763325214,0.795276999,0.53192395,0.863908052,0.802774966,0.501421809
0.765064716,0.793377221,0.53384316,0.861763895,0.806839883,0.502460241
0.765983045,0.794220328,0.531206667,0.863792717,0.806572318,0.499537498
0.766586542,0.795772374,0.528791785,0.861726701,0.805538535,0.499845952
0.765212655,0.793855488,0.531777263,0.859146118,0.80996412,0.504653037
0.764851928,0.796046853,0.529393137,0.862415791,0.807194412,0.499730289
0.7329680323600769,0.7551792860031128,0.6377190351486206,0.8548901081085205,0.7958120107650757,0.5253053307533264
0.7589266300201416,0.7827520370483398,0.5577791333198547,0.8575335741043091,0.8044900894165039,0.5099831819534302
0.7656826376914978,0.7935448884963989,0.5327799320220947,0.862455427646637,0.8047055006027222,0.4993208944797516
0.7646933794021606,0.7963603734970093,0.5290141105651855,0.8600439429283142,0.8038166165351868,0.5039972066879272
0.7689126133918762,0.7972053289413452,0.5227640867233276,0.864656388759613,0.8110762238502502,0.4955657124519348
0.7680690884590149,0.7993286848068237,0.5209964513778687,0.8583850264549255,0.8067944049835205,0.5071821808815002
0.7680351734161377,0.7992694973945618,0.5214771032333374,0.8542864918708801,0.8052935600280762,0.5167384743690491
0.767214834690094,0.7979900240898132,0.5235097408294678,0.8629699945449829,0.8075301051139832,0.49507007002830505
0.7691156268119812,0.7981941103935242,0.5212149024009705,0.8616265654563904,0.8060855865478516,0.5005525350570679
0.7694907188415527,0.8004568219184875,0.5182215571403503,0.8621667623519897,0.8098534941673279,0.4997459352016449
0.7702178955078125,0.800723671913147,0.5146484971046448,0.8605505228042603,0.8097165822982788,0.4997563064098358
0.7716829776763916,0.8024473190307617,0.5122708082199097,0.8623406887054443,0.8079819679260254,0.4991992115974426
0.7691928744316101,0.8011690974235535,0.5165647268295288,0.8606341481208801,0.8088757395744324,0.5024623870849609
0.7701700329780579,0.7995666265487671,0.517033040523529,0.8643505573272705,0.8096356987953186,0.49540942907333374
0.7715126872062683,0.8024818301200867,0.5114403367042542,0.8648943901062012,0.8138549327850342,0.48893216252326965
0.7705546617507935,0.8029823303222656,0.5119152069091797,0.8606030344963074,0.8118685483932495,0.5011627078056335
0.7714395523071289,0.8037327527999878,0.5094081163406372,0.8627997040748596,0.80813068151474,0.49545490741729736
0.7706332802772522,0.8035562634468079,0.5123044848442078,0.866349458694458,0.8065778017044067,0.4956047832965851
0.7696968913078308,0.8006690144538879,0.5161764621734619,0.8622784614562988,0.8081779479980469,0.5011760592460632
0.7709089517593384,0.8042605519294739,0.5091163516044617,0.8616144061088562,0.8101757168769836,0.4961177706718445
0.7724235653877258,0.8048357963562012,0.506540834903717,0.864762544631958,0.8140555620193481,0.49033400416374207
0.7727591395378113,0.8044978976249695,0.5071110129356384,0.8698297142982483,0.8120852708816528,0.4840345084667206
0.773820161819458,0.8077831268310547,0.5003330111503601,0.8674841523170471,0.812721848487854,0.4895872175693512
0.7736415863037109,0.805718719959259,0.5028921961784363,0.8656542897224426,0.8089227676391602,0.4906061589717865
0.7733271718025208,0.8056031465530396,0.5046849250793457,0.8646490573883057,0.8113094568252563,0.4933007061481476
0.7727674841880798,0.8079097867012024,0.5021646618843079,0.8652825951576233,0.8126302361488342,0.48821964859962463
0.7771263718605042,0.8086196780204773,0.4950690269470215,0.8671526908874512,0.8119149804115295,0.48928892612457275
0.7741497755050659,0.8071659207344055,0.5007873773574829,0.8646692037582397,0.812656044960022,0.4886302053928375
0.77458655834198,0.808143138885498,0.49962615966796875,0.8627331256866455,0.8111125826835632,0.49581578373908997
0.7763535380363464,0.8092375993728638,0.495438814163208,0.863631010055542,0.8126171827316284,0.4934306740760803
0.7734822034835815,0.8072620630264282,0.5028123259544373,0.858508288860321,0.8088390827178955,0.508324384689331
0.7724854946136475,0.8058355450630188,0.5061824917793274,0.8666113018989563,0.8096203207969666,0.4923070967197418
0.7759718298912048,0.8079084157943726,0.4981042146682739,0.8592370748519897,0.8092334270477295,0.5047301650047302
0.7745832800865173,0.8077839612960815,0.5007839798927307,0.860090970993042,0.809691309928894,0.5002397298812866
0.7754015922546387,0.8091352581977844,0.4958970844745636,0.859771728515625,0.8090851902961731,0.5026417374610901
0.7758486270904541,0.8090157508850098,0.4960482120513916,0.8657586574554443,0.8144969344139099,0.48930129408836365
0.777804434299469,0.8130441904067993,0.48773691058158875,0.8680608868598938,0.8154056072235107,0.48552557826042175
0.7755761742591858,0.8102961778640747,0.4955717921257019,0.869415283203125,0.8121474385261536,0.4862830638885498
0.7773582935333252,0.8128191232681274,0.4886753559112549,0.8659856915473938,0.8173540830612183,0.4903073012828827
0.7760488390922546,0.8108981251716614,0.49412834644317627,0.8607861399650574,0.8090407848358154,0.4984495937824249
0.7779106497764587,0.8114849328994751,0.4896593987941742,0.8655139207839966,0.8189533352851868,0.4895758330821991
0.778501570224762,0.8140859603881836,0.48617225885391235,0.8704931735992432,0.8155200481414795,0.4860355257987976
0.7777566909790039,0.8126157522201538,0.48918676376342773,0.8676245212554932,0.8141028881072998,0.4866289496421814
0.7785247564315796,0.814093291759491,0.48462802171707153,0.8646411299705505,0.816730797290802,0.49359169602394104
0.7772984504699707,0.8163620233535767,0.48301592469215393,0.8690161108970642,0.816601037979126,0.48164790868759155
0.7798365354537964,0.8150924444198608,0.4813263416290283,0.8719183206558228,0.8182789087295532,0.48070740699768066
0.7796358466148376,0.8146406412124634,0.483881413936615,0.8683972358703613,0.8133754134178162,0.48421910405158997
0.780270516872406,0.8161288499832153,0.48028481006622314,0.8691937327384949,0.8149774074554443,0.48674023151397705
0.7795804738998413,0.8148601651191711,0.4818398952484131,0.8717437982559204,0.8219093084335327,0.4727018475532532
0.7768750190734863,0.8136119842529297,0.48857083916664124,0.8693566918373108,0.8188790082931519,0.47925978899002075
0.7599360346794128,0.7905774712562561,0.5494858026504517,0.8691137433052063,0.8127390146255493,0.48808014392852783
0.7752246260643005,0.8071100115776062,0.5004109740257263,0.8684228658676147,0.8187128901481628,0.4810122549533844
0.7796885967254639,0.8148380517959595,0.48248565196990967,0.8673394918441772,0.8161596655845642,0.48348867893218994
0.778533935546875,0.8170825839042664,0.4806189239025116,0.8672857880592346,0.811278223991394,0.4890930950641632
0.7823286056518555,0.8174766302108765,0.47497493028640747,0.8719989061355591,0.8209502696990967,0.4740821123123169
0.7811989784240723,0.8190180659294128,0.4738348126411438,0.8656750321388245,0.8160623908042908,0.4904695749282837
0.7818306684494019,0.8196392059326172,0.47233283519744873,0.862396240234375,0.8183969259262085,0.4973992109298706
0.7815046310424805,0.8190656900405884,0.47345098853111267,0.8685009479522705,0.8165885210037231,0.48292168974876404
0.7832838296890259,0.8195351362228394,0.4708201289176941,0.8701537847518921,0.817814826965332,0.48142996430397034
0.7828871011734009,0.8204187154769897,0.46991685032844543,0.8696655035018921,0.819342851638794,0.48189684748649597
0.7828164100646973,0.8203611373901367,0.4689292907714844,0.8668695092201233,0.8166996836662292,0.4875355064868927
0.7843787670135498,0.8212626576423645,0.4660075604915619,0.8670623898506165,0.8193929195404053,0.4835071861743927
0.7826240062713623,0.8213693499565125,0.46877408027648926,0.8655670285224915,0.8195419907569885,0.49051177501678467
0.7829204201698303,0.8188599348068237,0.4718019366264343,0.8694329857826233,0.8187834024429321,0.48381754755973816
0.7840874195098877,0.8213264346122742,0.46660763025283813,0.8711664080619812,0.8227692246437073,0.4769880175590515
0.7831711173057556,0.8219757080078125,0.46732857823371887,0.8668481707572937,0.8207319378852844,0.48679664731025696
0.7841200232505798,0.8220523595809937,0.4653078317642212,0.8667041063308716,0.8186137676239014,0.4889305531978607
0.7826610207557678,0.8216348886489868,0.46912848949432373,0.870634138584137,0.8164085745811462,0.48293647170066833
0.7817009091377258,0.8183431625366211,0.47442030906677246,0.8678722977638245,0.8233369588851929,0.4870520830154419
0.7830870151519775,0.8222662806510925,0.46654948592185974,0.8681066632270813,0.8208709359169006,0.4818035960197449
0.7851791977882385,0.8237043619155884,0.4615797698497772,0.8726837038993835,0.824303925037384,0.4757184684276581
0.7850145101547241,0.8230925798416138,0.46291276812553406,0.8717901706695557,0.8205907940864563,0.4794620871543884
0.7855935096740723,0.8256772756576538,0.457675039768219,0.8694238066673279,0.8196948170661926,0.48475590348243713
0.785844087600708,0.8240157961845398,0.459612101316452,0.8714105486869812,0.8192410469055176,0.47917088866233826
0.7863504886627197,0.8244317173957825,0.45885246992111206,0.863452136516571,0.8153820633888245,0.4974536597728729
0.7836513519287109,0.8246886134147644,0.4625474214553833,0.8716815114021301,0.8186274170875549,0.47753143310546875
0.7880119681358337,0.8249861001968384,0.4559871554374695,0.8712634444236755,0.820810079574585,0.4796329140663147
0.785722017288208,0.8243399858474731,0.45983293652534485,0.870745837688446,0.8214401006698608,0.4803367555141449
0.7860487103462219,0.8257378339767456,0.4582339823246002,0.8735864162445068,0.8248136043548584,0.4738317131996155
0.7872756123542786,0.8254815340042114,0.4562623202800751,0.8630785942077637,0.8195133805274963,0.49637892842292786
0.7849199175834656,0.8242225646972656,0.46196430921554565,0.8627954125404358,0.8172295093536377,0.49688148498535156
0.7859311699867249,0.8255360722541809,0.4588187336921692,0.8701745867729187,0.8207575082778931,0.4823243319988251
0.7885034084320068,0.8269505500793457,0.4530196785926819,0.8601049780845642,0.8133713603019714,0.5049927234649658
0.7862020134925842,0.8252297639846802,0.45827722549438477,0.8663153052330017,0.8218156099319458,0.48550552129745483
0.7872089743614197,0.8271434903144836,0.4537830650806427,0.8634613156318665,0.8158287405967712,0.4921954274177551
0.7872358560562134,0.8253884315490723,0.4562031924724579,0.871478259563446,0.8250753879547119,0.4822099208831787
0.7886525988578796,0.8296675682067871,0.4491572082042694,0.867551863193512,0.8208698630332947,0.48663330078125
0.7876673340797424,0.8284182548522949,0.45144808292388916,0.8733581304550171,0.823067843914032,0.4742036759853363
0.7887121438980103,0.830125629901886,0.44764527678489685,0.8707873821258545,0.8214786648750305,0.4820590913295746
0.7886021733283997,0.8289386630058289,0.4497649371623993,0.8701055645942688,0.8204841613769531,0.48045435547828674
0.7897922396659851,0.8299192190170288,0.44623708724975586,0.8686834573745728,0.825325608253479,0.4830907881259918
0.7890245318412781,0.8293381929397583,0.4487142860889435,0.873765230178833,0.8264203667640686,0.4780704379081726
0.789215087890625,0.830180823802948,0.44774967432022095,0.8719122409820557,0.8254132270812988,0.47536906599998474
0.7893043160438538,0.8304535150527954,0.4455623924732208,0.8700634837150574,0.8221657276153564,0.48491400480270386
0.788327157497406,0.8325861096382141,0.44358378648757935,0.871746838092804,0.8246177434921265,0.47530829906463623
0.7906119227409363,0.8316114544868469,0.44205179810523987,0.872880220413208,0.8181354999542236,0.479923814535141
0.7904627919197083,0.8308065533638,0.44487956166267395,0.8707122802734375,0.8188557624816895,0.48140040040016174
0.790971577167511,0.8319107890129089,0.4418257772922516,0.8710363507270813,0.8191057443618774,0.4855782687664032
0.7904397249221802,0.831291675567627,0.4426988363265991,0.8761834502220154,0.8310503363609314,0.4698924124240875
0.7871760129928589,0.8291918039321899,0.4513300657272339,0.8738604784011841,0.8262444138526917,0.4683193862438202
0.7662057876586914,0.7977930307388306,0.5344622731208801,0.8711212277412415,0.818025529384613,0.4828681945800781
0.7856131792068481,0.823027491569519,0.46369004249572754,0.8731762766838074,0.8262082934379578,0.4725381135940552
0.7903006672859192,0.8308135271072388,0.4445660710334778,0.8704412579536438,0.8255312442779541,0.4767170250415802
0.7895627617835999,0.8331367373466492,0.44127899408340454,0.8751879930496216,0.8258014917373657,0.4735783636569977
0.7929190397262573,0.8343351483345032,0.4356660842895508,0.872729480266571,0.8261575102806091,0.47333306074142456
0.7918172478675842,0.834903359413147,0.43581855297088623,0.8677294850349426,0.8220917582511902,0.4869126081466675
0.7921338081359863,0.8351685404777527,0.4341627359390259,0.8716852068901062,0.8233829736709595,0.48121941089630127
0.7912531495094299,0.8340994715690613,0.4385465979576111,0.8739013671875,0.8241230249404907,0.4745619595050812
0.7919790148735046,0.8326030969619751,0.43899306654930115,0.8729992508888245,0.8196260333061218,0.47781527042388916
0.7924473881721497,0.8350512385368347,0.435268372297287,0.8765600323677063,0.8277797102928162,0.4774686396121979
0.7916967868804932,0.8337417840957642,0.4371151030063629,0.8701861500740051,0.8233932852745056,0.4821873903274536
0.7941766381263733,0.8364254832267761,0.43010249733924866,0.8727368116378784,0.826239287853241,0.47510239481925964
0.7916713953018188,0.8346020579338074,0.43658649921417236,0.8751000761985779,0.8257768154144287,0.47621390223503113
0.7924122214317322,0.8336391448974609,0.4364892542362213,0.8742095828056335,0.825284481048584,0.47847652435302734
0.7941160798072815,0.8362752199172974,0.4297908544540405,0.8758801221847534,0.8294486403465271,0.4690787196159363
0.791246235370636,0.8339139819145203,0.4384014904499054,0.8748736381530762,0.8330079317092896,0.47151365876197815
0.7919228672981262,0.8345990180969238,0.43715909123420715,0.874375581741333,0.8243614435195923,0.4762905240058899
0.791081428527832,0.8341089487075806,0.43825969099998474,0.8733673095703125,0.8238258957862854,0.4785279929637909
0.7909603118896484,0.8325773477554321,0.4399261474609375,0.8751617670059204,0.8303938508033752,0.478672057390213
0.7925037741661072,0.8364039659500122,0.4319099187850952,0.8703967332839966,0.8248879909515381,0.4800560474395752
0.7934607863426208,0.836583137512207,0.43104681372642517,0.8724902272224426,0.8274425864219666,0.47641873359680176
0.7933497428894043,0.8358399271965027,0.43240052461624146,0.8741918802261353,0.8257327675819397,0.4749651253223419
0.7935777306556702,0.8374882936477661,0.42867016792297363,0.8718920946121216,0.8271821141242981,0.48159369826316833
0.7944022417068481,0.837364673614502,0.42894458770751953,0.8737787008285522,0.8244155049324036,0.4761818051338196
0.794924795627594,0.8368698358535767,0.4282241761684418,0.861482560634613,0.8208185434341431,0.5028692483901978
0.7921522259712219,0.8375676870346069,0.4310024678707123,0.8688769340515137,0.826085090637207,0.4838675260543823
0.7963734269142151,0.8378385305404663,0.4249424338340759,0.8753515481948853,0.8316275477409363,0.46872612833976746
0.7952199578285217,0.8386777639389038,0.4250103235244751,0.8771612644195557,0.8304972648620605,0.47359558939933777
0.7946241497993469,0.8380323648452759,0.42764928936958313,0.8728198409080505,0.8299210071563721,0.48156169056892395
0.7953616976737976,0.839013934135437,0.4247939884662628,0.8765972852706909,0.8294475078582764,0.46976226568222046
0.7931148409843445,0.8364817500114441,0.4319925308227539,0.8719378709793091,0.8300673365592957,0.48127925395965576
0.7936111092567444,0.8372370004653931,0.43039706349372864,0.8748449683189392,0.8320589661598206,0.4745100736618042
0.7964920401573181,0.839533805847168,0.4229243993759155,0.8764251470565796,0.8279324769973755,0.4702150225639343
0.7945439219474792,0.8377987146377563,0.4277513027191162,0.8770971894264221,0.8286243677139282,0.47079193592071533
0.795201301574707,0.8392877578735352,0.42471373081207275,0.874920666217804,0.8288211822509766,0.47324320673942566
0.7958062887191772,0.8387807607650757,0.4236932694911957,0.871732771396637,0.8249087333679199,0.48124754428863525
0.7959067225456238,0.8403528332710266,0.4221839904785156,0.8764404058456421,0.8281213641166687,0.4771873354911804
0.7926130294799805,0.8368552327156067,0.4326666593551636,0.8743829131126404,0.8232651352882385,0.4751029312610626
0.79494309425354,0.8392394185066223,0.42523902654647827,0.8735357522964478,0.8321393728256226,0.47656768560409546
0.7949923276901245,0.8391766548156738,0.4256989359855652,0.8782574534416199,0.8323370814323425,0.4693900942802429
0.7955763936042786,0.8386661410331726,0.42530110478401184,0.8757196068763733,0.8285528421401978,0.47436943650245667
0.796342134475708,0.840689480304718,0.420495867729187,0.8724969625473022,0.8312435746192932,0.4789700210094452
0.7961751818656921,0.8407805562019348,0.421631783246994,0.8750011920928955,0.8319710493087769,0.4715345799922943
0.7959290742874146,0.8413251042366028,0.4208637475967407,0.8738555908203125,0.8293380737304688,0.47692665457725525
0.7967134714126587,0.8442886471748352,0.4129064977169037,0.8727319240570068,0.82753986120224,0.4779111444950104
0.7987694144248962,0.8444105982780457,0.4115222692489624,0.875612199306488,0.8302903771400452,0.4696657955646515
0.7985408902168274,0.8431764841079712,0.41411396861076355,0.8774383664131165,0.8300412893295288,0.4729093909263611
0.7984537482261658,0.8438113927841187,0.4133055508136749,0.8740960955619812,0.82807856798172,0.4800536334514618
0.7971318364143372,0.8415497541427612,0.41696903109550476,0.8774114847183228,0.8293036222457886,0.4768705666065216
0.7934633493423462,0.8394162058830261,0.4274795353412628,0.8778692483901978,0.8274354934692383,0.4683760702610016
0.7761995792388916,0.8127281069755554,0.49590447545051575,0.8737267851829529,0.8263651132583618,0.481465607881546
0.7933470606803894,0.8353196978569031,0.4342091977596283,0.8741125464439392,0.8276482820510864,0.47258496284484863
0.7979299426078796,0.8420963287353516,0.4165530204772949,0.8729656934738159,0.8290582299232483,0.47515013813972473
0.7976068258285522,0.8453329205513,0.41101062297821045,0.8766992092132568,0.8303695321083069,0.4748138189315796
0.8004342317581177,0.8458936810493469,0.4075721800327301,0.8746490478515625,0.8315293788909912,0.4745296835899353
0.7989420294761658,0.8456946611404419,0.4094279706478119,0.8702966570854187,0.8282475471496582,0.4847695529460907
0.7994856238365173,0.8460536003112793,0.40715649724006653,0.8737231492996216,0.8286479711532593,0.48397117853164673
0.7989876866340637,0.8458541631698608,0.4090679883956909,0.8761236667633057,0.831468939781189,0.4773922264575958
0.799344003200531,0.8444622159004211,0.4116898775100708,0.8718737959861755,0.8232103586196899,0.4813672602176666
0.7985929250717163,0.844144344329834,0.412683367729187,0.8747784495353699,0.8302726745605469,0.4771438539028168
0.798440158367157,0.8444151878356934,0.4117719531059265,0.8700011968612671,0.8263760209083557,0.48583686351776123
0.8001090288162231,0.8453362584114075,0.40744614601135254,0.8763324022293091,0.831965982913971,0.47281086444854736
0.7982149720191956,0.8445164561271667,0.4127761721611023,0.8757672309875488,0.8315935134887695,0.4813973605632782
0.7989324927330017,0.8431534767150879,0.4136499762535095,0.871980607509613,0.8296564221382141,0.4799789488315582
0.80048668384552,0.8463547825813293,0.4053793251514435,0.877514660358429,0.8342365026473999,0.4756077229976654
0.7985421419143677,0.8451727628707886,0.4108811616897583,0.876710832118988,0.831999659538269,0.4754743278026581
0.7978264093399048,0.8435317277908325,0.4152446687221527,0.8744049072265625,0.8259556293487549,0.4793120324611664
0.7988960146903992,0.8459598422050476,0.4087788462638855,0.8755590915679932,0.8290781378746033,0.4816247820854187
0.7990001440048218,0.8442080616950989,0.4106731712818146,0.873567521572113,0.8313539028167725,0.48150521516799927
0.7996261119842529,0.8478754758834839,0.40495187044143677,0.8693817257881165,0.8276008367538452,0.4872532784938812
0.7997374534606934,0.8463877439498901,0.4074406027793884,0.8740014433860779,0.8275404572486877,0.48312076926231384
0.7995681166648865,0.8455537557601929,0.4087512195110321,0.8724188208580017,0.8273054361343384,0.4839531183242798
0.7996811270713806,0.8465319871902466,0.4067264199256897,0.8724969625473022,0.8304498791694641,0.4788439869880676
0.801606297492981,0.848146915435791,0.4021752178668976,0.8761944770812988,0.832632303237915,0.4768407940864563
0.801667332649231,0.8474193811416626,0.40207943320274353,0.8709936738014221,0.8282046318054199,0.4866006076335907
0.7983355522155762,0.8470684885978699,0.40790480375289917,0.8721319437026978,0.8288429975509644,0.4836263954639435
0.8029266595840454,0.8484485745429993,0.39983201026916504,0.8737621903419495,0.8295868039131165,0.477992981672287
0.8015093803405762,0.8484708666801453,0.400883287191391,0.8770379424095154,0.8317902684211731,0.4765814244747162
0.8004814386367798,0.8475372195243835,0.40481486916542053,0.8759942650794983,0.8310953974723816,0.47833237051963806
0.8010591864585876,0.8471852540969849,0.4037192463874817,0.8743493556976318,0.8329409956932068,0.4803745746612549
0.8006547689437866,0.848242461681366,0.4026429355144501,0.8774957060813904,0.8365644216537476,0.4697086811065674
0.8007922172546387,0.8485433459281921,0.40247225761413574,0.8754986524581909,0.8337274789810181,0.48088976740837097
0.8027176260948181,0.8489278554916382,0.3995518684387207,0.8718597292900085,0.8281975984573364,0.4753606915473938
0.8018785119056702,0.8493436574935913,0.39957934617996216,0.8773187398910522,0.83054518699646,0.4797719717025757
0.8016101121902466,0.8494589924812317,0.39974743127822876,0.8777148723602295,0.8330073356628418,0.47601258754730225
0.8015488386154175,0.8478240966796875,0.4025093913078308,0.8701330423355103,0.8287621736526489,0.48554638028144836
0.8027031421661377,0.8504741787910461,0.39636698365211487,0.8728436231613159,0.8309836387634277,0.4853276014328003
0.8000956773757935,0.8481844663619995,0.4051958918571472,0.8676488995552063,0.821261465549469,0.4899039566516876
0.8012329339981079,0.8489223718643188,0.40096762776374817,0.8729785084724426,0.8314674496650696,0.48471179604530334
0.8013870716094971,0.8487564921379089,0.4020084738731384,0.8761767745018005,0.8360633254051208,0.47838711738586426
0.802460789680481,0.8491306304931641,0.39898863434791565,0.8772637844085693,0.8335819840431213,0.48153063654899597
0.8027149438858032,0.8505403399467468,0.3967113196849823,0.8666393756866455,0.827989935874939,0.49653926491737366
0.8023577928543091,0.8502529263496399,0.39859679341316223,0.8781664967536926,0.8349350094795227,0.4845743477344513
0.8010837435722351,0.8487251996994019,0.4017554223537445,0.8715032935142517,0.8307635188102722,0.4871569573879242
0.8026041388511658,0.8541278839111328,0.39028915762901306,0.875885009765625,0.8309125304222107,0.47832244634628296
0.8043345808982849,0.8528332710266113,0.38998088240623474,0.8763763308525085,0.8309938311576843,0.47770050168037415
0.8039947748184204,0.8513747453689575,0.3938366770744324,0.8763940334320068,0.8344149589538574,0.4798978567123413
0.8050671219825745,0.8538378477096558,0.38838881254196167,0.8748700022697449,0.8316056132316589,0.48330989480018616
0.8043952584266663,0.8529930114746094,0.38912591338157654,0.8745733499526978,0.8351655006408691,0.4811326265335083
0.8002468347549438,0.8496469259262085,0.402219295501709,0.8770257830619812,0.8273357152938843,0.47067180275917053
0.7953105568885803,0.8417245745658875,0.4237387478351593,0.8774206638336182,0.8338930010795593,0.46539515256881714
0.8015193939208984,0.8470464944839478,0.403482586145401,0.8776605129241943,0.8344366550445557,0.4711674153804779
0.8044689893722534,0.8524978756904602,0.3910141587257385,0.8741015791893005,0.8333698511123657,0.47894418239593506
0.804068386554718,0.8554269671440125,0.38614422082901,0.8760931491851807,0.8329219818115234,0.47765907645225525
0.8069400787353516,0.8558518290519714,0.3826960623264313,0.8761712908744812,0.8376591801643372,0.4759986400604248
0.8049609661102295,0.8554256558418274,0.3858243227005005,0.8729138374328613,0.833579421043396,0.48526373505592346
0.8055744767189026,0.855573832988739,0.38429808616638184,0.8741204738616943,0.830967128276825,0.4899226129055023
0.8053427934646606,0.8553997278213501,0.3849200904369354,0.8753259181976318,0.8345199823379517,0.4797475039958954
0.8061597943305969,0.8549207448959351,0.38525187969207764,0.8745269775390625,0.8332184553146362,0.48193272948265076
0.8050752878189087,0.854595959186554,0.38672471046447754,0.876570463180542,0.8365046977996826,0.47906479239463806
0.8047013878822327,0.8540744781494141,0.3880874216556549,0.8718371391296387,0.8309382200241089,0.4841874837875366
0.8059657216072083,0.8544917106628418,0.38542839884757996,0.8715234398841858,0.8299151659011841,0.4887513816356659
0.8051189184188843,0.8552323579788208,0.38547375798225403,0.8780798316001892,0.8375064730644226,0.47893038392066956
0.805345356464386,0.8534097671508789,0.3883093595504761,0.8715564012527466,0.8308337330818176,0.4895288944244385
0.8067578077316284,0.8561463356018066,0.38146471977233887,0.8768823146820068,0.8383403420448303,0.4812341332435608
0.8046591877937317,0.8548307418823242,0.38736996054649353,0.8777374029159546,0.832778811454773,0.4774880111217499
0.8048929572105408,0.8545604944229126,0.3878950774669647,0.8745208978652954,0.8303406834602356,0.4783397912979126
0.8047699928283691,0.8546730279922485,0.3868184983730316,0.8782220482826233,0.8344223499298096,0.4781080484390259
0.8058041930198669,0.855058491230011,0.38464078307151794,0.8749920725822449,0.8360990285873413,0.48218056559562683
0.8067342638969421,0.8585782051086426,0.37791183590888977,0.873579740524292,0.8357737064361572,0.48355334997177124
0.8064458966255188,0.8565922975540161,0.38163623213768005,0.8752526640892029,0.8316106796264648,0.48318278789520264
0.8057171702384949,0.8549404144287109,0.38574695587158203,0.8727789521217346,0.8285589218139648,0.4866834282875061
0.8058619499206543,0.8566697239875793,0.38174736499786377,0.875352144241333,0.8345146179199219,0.47722354531288147
0.8070981502532959,0.8569470643997192,0.3800548315048218,0.8758691549301147,0.8360888957977295,0.4799368381500244
0.8079171180725098,0.8574113845825195,0.3777877688407898,0.8741632103919983,0.8352506160736084,0.485041081905365
0.804330050945282,0.8564935922622681,0.3855787515640259,0.8742938041687012,0.8324617147445679,0.4828062355518341
0.8087479472160339,0.8573465347290039,0.3773595094680786,0.8725640773773193,0.8320766687393188,0.4860340356826782
0.8074483871459961,0.857455849647522,0.3782092034816742,0.8774420022964478,0.834499180316925,0.4776097238063812
0.8072118163108826,0.8582212328910828,0.378655344247818,0.8732067942619324,0.8323884606361389,0.48858752846717834
0.8072466850280762,0.8569338917732239,0.37965938448905945,0.8734582662582397,0.8339707851409912,0.4911504089832306
0.8068944215774536,0.8578760027885437,0.37852901220321655,0.8758770823478699,0.8375481963157654,0.4815620481967926
0.8066251277923584,0.8577715754508972,0.3800383508205414,0.8740820288658142,0.8345725536346436,0.4889514446258545
0.8082850575447083,0.8580111265182495,0.37726032733917236,0.8637585639953613,0.8271114826202393,0.5005571246147156
0.8071160912513733,0.8575631380081177,0.37933868169784546,0.8747186064720154,0.8290314674377441,0.48264703154563904
0.8084340691566467,0.8596799969673157,0.37368011474609375,0.8772979974746704,0.8346818685531616,0.4844024181365967
0.8077534437179565,0.8577834963798523,0.37824195623397827,0.8713732957839966,0.8342957496643066,0.4878118634223938
0.807482898235321,0.8580182194709778,0.3780399560928345,0.8738250732421875,0.8351636528968811,0.4869297444820404
0.8073549866676331,0.8595865964889526,0.376739501953125,0.869749128818512,0.8290166854858398,0.4948226809501648
0.8078819513320923,0.8591386675834656,0.3747389018535614,0.8763665556907654,0.8378824591636658,0.48481449484825134
0.8082955479621887,0.859641432762146,0.3751450479030609,0.8778753876686096,0.839766800403595,0.4816243350505829
0.8089684844017029,0.8596978187561035,0.37292078137397766,0.8770623803138733,0.836314857006073,0.47930416464805603
0.8088366985321045,0.8603145480155945,0.37227922677993774,0.871673583984375,0.8329288959503174,0.4918228089809418
0.8090183138847351,0.860611617565155,0.372305303812027,0.8794549703598022,0.8397354483604431,0.4853273630142212
0.8068991899490356,0.8579691648483276,0.379154771566391,0.8736987113952637,0.8337548971176147,0.4890395998954773
0.8078073859214783,0.8623865842819214,0.37012678384780884,0.8773132562637329,0.8360944390296936,0.47342026233673096
0.8099752068519592,0.8618484735488892,0.36822736263275146,0.8743749856948853,0.8318593502044678,0.48430266976356506
0.8096814155578613,0.8602066040039062,0.3713212311267853,0.8740332126617432,0.8337754011154175,0.49162447452545166
0.810211181640625,0.862043023109436,0.36786168813705444,0.8755847215652466,0.8336705565452576,0.48695412278175354
0.8101459741592407,0.8620127439498901,0.3669964671134949,0.8755267262458801,0.8384156227111816,0.48976123332977295
0.8051048517227173,0.85752934217453,0.38270777463912964,0.8793664574623108,0.8327658176422119,0.4682782292366028
0.7988011240959167,0.8473604917526245,0.4108307957649231,0.8758276104927063,0.8393933176994324,0.47947949171066284
0.8075090050697327,0.8564175367355347,0.38018548488616943,0.8757128715515137,0.8386352062225342,0.4825684428215027
0.8104441165924072,0.8620983362197876,0.36737343668937683,0.8726489543914795,0.8344470858573914,0.4889998137950897
0.8089165091514587,0.8630332946777344,0.3672195076942444,0.875352144241333,0.8355430364608765,0.48807293176651
0.8108639121055603,0.8623992800712585,0.36652639508247375,0.8777862787246704,0.8396319150924683,0.47754234075546265
0.8082098364830017,0.8606411218643188,0.37190842628479004,0.8773126006126404,0.8369918465614319,0.4803462624549866
0.8092734217643738,0.8617890477180481,0.36883026361465454,0.8733959794044495,0.8356265425682068,0.4850015938282013
0.8102055788040161,0.8630807995796204,0.36558350920677185,0.8776538372039795,0.8397181034088135,0.4809933006763458
0.8103137016296387,0.8613991737365723,0.3690200746059418,0.869244396686554,0.8331005573272705,0.492299348115921
0.8093737959861755,0.8612591624259949,0.3700353503227234,0.876617431640625,0.8366677761077881,0.4862026274204254
0.8087658882141113,0.8603388071060181,0.37230294942855835,0.8721686005592346,0.8343454003334045,0.49183955788612366
0.8088877201080322,0.8599337339401245,0.37247803807258606,0.8775225877761841,0.8361331820487976,0.4838983118534088
0.8087682127952576,0.8610695600509644,0.3710615634918213,0.876739501953125,0.83595210313797,0.4787207543849945
0.809039294719696,0.8592069745063782,0.3737472593784332,0.8714861869812012,0.8315936923027039,0.4909771680831909
0.8102060556411743,0.8618001937866211,0.36742907762527466,0.8786346316337585,0.8367310166358948,0.49130722880363464
0.8086828589439392,0.8615277409553528,0.3708946406841278,0.8736230731010437,0.8335579633712769,0.4838101267814636
0.8094881772994995,0.8615008592605591,0.3689245283603668,0.8711230754852295,0.8333697319030762,0.49607980251312256
0.8089919686317444,0.8617925643920898,0.3690662980079651,0.8751013278961182,0.8313127160072327,0.4874814748764038
0.8099426031112671,0.8614859580993652,0.3686518669128418,0.8753302097320557,0.8393274545669556,0.48764175176620483
0.8113994002342224,0.866108775138855,0.35932499170303345,0.8707476854324341,0.8337361812591553,0.49666544795036316
0.80949866771698,0.8619154095649719,0.3689253628253937,0.8760387897491455,0.8314220905303955,0.49872130155563354
0.8087669610977173,0.8595005869865417,0.3745259940624237,0.8721277117729187,0.831061840057373,0.48665836453437805
0.8094890117645264,0.8621315956115723,0.3677047789096832,0.8781030178070068,0.838371992111206,0.4836794137954712
0.8117969036102295,0.8640260696411133,0.36180517077445984,0.872784435749054,0.8347321152687073,0.486077219247818
0.8104886412620544,0.8618754148483276,0.36756840348243713,0.8769744634628296,0.8365030884742737,0.48892727494239807
0.8082513213157654,0.8626548051834106,0.3686169981956482,0.873228132724762,0.8368653655052185,0.4903537631034851
0.8133304715156555,0.8650156855583191,0.3584171533584595,0.8806719779968262,0.8419939279556274,0.47732916474342346
0.8111640810966492,0.8637624979019165,0.3636598587036133,0.8761285543441772,0.8345745205879211,0.4793018400669098
0.8115352988243103,0.8645073771476746,0.3617590069770813,0.8713354468345642,0.8329058289527893,0.4984767436981201
0.8112431764602661,0.8635113835334778,0.3635849952697754,0.8756219744682312,0.8352663516998291,0.4824502468109131
0.8112067580223083,0.8645355105400085,0.3613162338733673,0.8727185130119324,0.8346797823905945,0.4894377887248993
0.8116550445556641,0.8654597401618958,0.3599074184894562,0.871962308883667,0.8361124992370605,0.4912465214729309
0.8125557899475098,0.8649998903274536,0.3601532280445099,0.870515763759613,0.8335819244384766,0.49614086747169495
0.8091322183609009,0.861504077911377,0.37083691358566284,0.8793939352035522,0.8410376310348511,0.4770238995552063
0.8113205432891846,0.8638819456100464,0.3623709976673126,0.8700897097587585,0.8280977010726929,0.49453502893447876
0.8120325803756714,0.8643271327018738,0.36129340529441833,0.8732922077178955,0.8347340226173401,0.48093628883361816
0.811158299446106,0.8639307022094727,0.36338192224502563,0.8711535930633545,0.8312544226646423,0.48710620403289795
0.8101980090141296,0.8638867139816284,0.36513540148735046,0.8702422976493835,0.835236668586731,0.4944274127483368
0.810200572013855,0.8628327250480652,0.36541813611984253,0.8762310743331909,0.8411777019500732,0.48867541551589966
0.8113211393356323,0.8644596934318542,0.3626796007156372,0.875154435634613,0.8427270650863647,0.48987171053886414
0.8125335574150085,0.8656958341598511,0.3591456413269043,0.8789623975753784,0.8370451331138611,0.4739660918712616
0.8119255304336548,0.8650597333908081,0.3603425621986389,0.8740484714508057,0.8355621099472046,0.4906197786331177
0.8113539814949036,0.8646261096000671,0.36171308159828186,0.8772796392440796,0.8344646096229553,0.5109336972236633
0.8075583577156067,0.8596892356872559,0.376522421836853,0.8720635771751404,0.8332643508911133,0.49111613631248474
0.8098374009132385,0.864954948425293,0.36247625946998596,0.8768664598464966,0.838821291923523,0.48908111453056335
0.8136029243469238,0.8674411773681641,0.3533261716365814,0.8737158179283142,0.8357236385345459,0.48741209506988525
0.8128936886787415,0.8656520843505859,0.35698944330215454,0.8773577809333801,0.836524486541748,0.49275290966033936
0.8146738409996033,0.8689095377922058,0.3510148525238037,0.8731915354728699,0.8324613571166992,0.49012309312820435
0.813858151435852,0.8676546812057495,0.3518652617931366,0.8770727515220642,0.8410795331001282,0.4869281053543091
0.8094186782836914,0.8643980026245117,0.36565032601356506,0.8781329393386841,0.8352569341659546,0.4695190191268921
0.8018745183944702,0.8513880968093872,0.4008936285972595,0.8785125613212585,0.8392993211746216,0.47959181666374207
0.8118980526924133,0.8635505437850952,0.3625205159187317,0.8735583424568176,0.8369064331054688,0.49041271209716797
0.8139090538024902,0.8676969408988953,0.35338154435157776,0.8791443109512329,0.8413823246955872,0.4841064512729645
0.8121298551559448,0.8682838678359985,0.35427990555763245,0.8778271675109863,0.837241530418396,0.4878891706466675
0.8155129551887512,0.8695676922798157,0.34789180755615234,0.8793218731880188,0.8390928506851196,0.49698925018310547
0.8125836253166199,0.8678158521652222,0.35477957129478455,0.872424304485321,0.8334994912147522,0.4967949390411377
0.8135929107666016,0.8684148788452148,0.35170450806617737,0.8777002096176147,0.8382891416549683,0.4865971505641937
0.8138911128044128,0.8688856959342957,0.35042184591293335,0.8761816620826721,0.8397793173789978,0.48820269107818604
0.815506100654602,0.8696117401123047,0.34799492359161377,0.8718225359916687,0.8352743983268738,0.49438440799713135
0.8134549856185913,0.8678169250488281,0.3532891869544983,0.8755285739898682,0.8366873860359192,0.492325097322464
0.8120234608650208,0.8658504486083984,0.35954636335372925,0.8772808909416199,0.8366810083389282,0.4890114665031433
0.811674177646637,0.8641804456710815,0.36146634817123413,0.8765899538993835,0.8390865921974182,0.48302581906318665
0.8136335611343384,0.868797779083252,0.3512178957462311,0.8758587837219238,0.8389837145805359,0.49479779601097107
0.8148455619812012,0.8681928515434265,0.3506714403629303,0.8735724091529846,0.8360491991043091,0.49385735392570496
0.8149911165237427,0.8696290850639343,0.348268061876297,0.871429443359375,0.8337207436561584,0.49545443058013916
0.8117523193359375,0.86573725938797,0.35943466424942017,0.8784356713294983,0.8397111892700195,0.48632949590682983
0.8141632080078125,0.8687136769294739,0.3511883616447449,0.8778882026672363,0.8389026522636414,0.4964213967323303
0.8132805228233337,0.8686496615409851,0.3520194888114929,0.8725811839103699,0.8327179551124573,0.4921140670776367
0.814491331577301,0.8683880567550659,0.35093486309051514,0.8796380758285522,0.8454558849334717,0.48565810918807983
0.8152250051498413,0.871712327003479,0.3447044789791107,0.8780761957168579,0.8418774604797363,0.49715501070022583
0.8149595856666565,0.8707714080810547,0.346826434135437,0.8704259991645813,0.8324788808822632,0.4983921945095062
0.8124953508377075,0.865216076374054,0.35887184739112854,0.8779968023300171,0.8387738466262817,0.47981327772140503
0.815411388874054,0.8713587522506714,0.3440692126750946,0.8749194145202637,0.8399378657341003,0.4943658113479614
0.8159261345863342,0.8705442547798157,0.3452918529510498,0.8748840093612671,0.837756872177124,0.5012028217315674
0.8160951137542725,0.8707486987113953,0.34542521834373474,0.8764556646347046,0.8372266292572021,0.49691450595855713
0.8123239874839783,0.8689899444580078,0.3527492880821228,0.8757849335670471,0.8377265930175781,0.486889123916626
0.8173182606697083,0.8711209297180176,0.34266841411590576,0.8780114650726318,0.841859757900238,0.4932542145252228
0.8163591027259827,0.8719810247421265,0.34352532029151917,0.8747387528419495,0.8343071341514587,0.4873890280723572
0.8159425258636475,0.871099591255188,0.343912273645401,0.8765215873718262,0.8368747234344482,0.4917166531085968
0.8164090514183044,0.8715343475341797,0.34336239099502563,0.8760040402412415,0.8397364616394043,0.490877240896225
0.8153571486473083,0.87132728099823,0.3443560302257538,0.8744531273841858,0.8383877277374268,0.4891839921474457
0.815690279006958,0.871425449848175,0.34427058696746826,0.8763299584388733,0.8416871428489685,0.49269241094589233
0.8164764642715454,0.8712997436523438,0.3442460894584656,0.8764623999595642,0.8388286232948303,0.49346545338630676
0.8154259324073792,0.8704904317855835,0.34649893641471863,0.8709319829940796,0.837704062461853,0.5047563314437866
0.8143610954284668,0.8693865537643433,0.3504505753517151,0.869779646396637,0.8318504095077515,0.5105372071266174
0.8154548406600952,0.8697651624679565,0.34809911251068115,0.8749871850013733,0.8374779224395752,0.4905274212360382
0.8155226111412048,0.8706777691841125,0.34645846486091614,0.8704662919044495,0.8320326805114746,0.49399107694625854
0.814255952835083,0.8699277639389038,0.3487374484539032,0.8804229497909546,0.841573178768158,0.4833419919013977
0.8138583898544312,0.8686891794204712,0.3501010835170746,0.8724634051322937,0.8395185470581055,0.4970192015171051
0.8163519501686096,0.8719820976257324,0.3427404463291168,0.8786633014678955,0.8431998491287231,0.4934535324573517
0.8166797161102295,0.8725964426994324,0.34244829416275024,0.8735766410827637,0.8382132053375244,0.49001914262771606
0.8162814974784851,0.8716066479682922,0.34219712018966675,0.8781304955482483,0.8418991565704346,0.4925183057785034
0.8163619637489319,0.8725844621658325,0.3416075110435486,0.8751611113548279,0.8358341455459595,0.5042097568511963
0.8118200898170471,0.8664863705635071,0.3580765426158905,0.8824810981750488,0.8432617783546448,0.47908034920692444
0.8131040334701538,0.8700579404830933,0.35004711151123047,0.876054048538208,0.842402458190918,0.4962400197982788
0.8170354962348938,0.8733782768249512,0.3391377031803131,0.8773815631866455,0.8394100666046143,0.48621928691864014
0.8167980909347534,0.8715540766716003,0.3421683609485626,0.8755865693092346,0.8372505903244019,0.4958816468715668
0.818453848361969,0.874991774559021,0.33528393507003784,0.878023087978363,0.8406184911727905,0.49693793058395386
0.8171490430831909,0.8727591633796692,0.33909305930137634,0.8784521222114563,0.8401031494140625,0.49546515941619873
0.8116642832756042,0.8677862882614136,0.3566121459007263,0.8745599389076233,0.8345471024513245,0.47834426164627075
0.8077840805053711,0.8602660298347473,0.376152902841568,0.8790923953056335,0.8434168696403503,0.4899456799030304
0.8162971138954163,0.8705006837844849,0.3452301025390625,0.8741680979728699,0.8414696455001831,0.49903011322021484
0.8183542490005493,0.8743970990180969,0.3361371159553528,0.8806823492050171,0.8432446718215942,0.49288153648376465
0.8155068159103394,0.8739182353019714,0.34000322222709656,0.8799291849136353,0.8396864533424377,0.4941316246986389
0.8186807632446289,0.8743686676025391,0.3348984122276306,0.879042387008667,0.8420940637588501,0.4934624433517456
0.8169122338294983,0.8743778467178345,0.3374289572238922,0.8758508563041687,0.8370004296302795,0.49965956807136536
0.8168069124221802,0.8739569783210754,0.33866164088249207,0.8782318234443665,0.8377729654312134,0.4959867596626282
0.8162137269973755,0.8723570108413696,0.3413223922252655,0.8773120045661926,0.8393896818161011,0.4945792853832245
0.8188292384147644,0.8751010894775391,0.3341420888900757,0.8745825290679932,0.8357388973236084,0.49250492453575134
0.8173123598098755,0.8738096952438354,0.3381563425064087,0.8683893084526062,0.8319129943847656,0.5083353519439697
0.8171654343605042,0.8733817934989929,0.3391643166542053,0.8806146383285522,0.8438875675201416,0.4944516122341156
0.816866934299469,0.8722907304763794,0.34105750918388367,0.8801379203796387,0.8425022959709167,0.4971270263195038
0.8174325227737427,0.8746687173843384,0.33674660325050354,0.8767583966255188,0.8386173248291016,0.49553602933883667
0.8189823031425476,0.8749309778213501,0.3338581919670105,0.8734350800514221,0.8372447490692139,0.5021423697471619
0.819358766078949,0.8763264417648315,0.33063244819641113,0.8704254031181335,0.838654100894928,0.5043049454689026
0.8158838152885437,0.8724324107170105,0.34161096811294556,0.8770184516906738,0.8399176597595215,0.49686774611473083
0.8174433708190918,0.8741820454597473,0.3373934328556061,0.8787994384765625,0.8397587537765503,0.4950413107872009
0.8171561360359192,0.8749420046806335,0.3364217281341553,0.8752618432044983,0.8379109501838684,0.49162590503692627
0.8180644512176514,0.8740749359130859,0.33589819073677063,0.8812695145606995,0.8470991849899292,0.4834873676300049
0.8177489042282104,0.8759841918945312,0.3345041275024414,0.8772088885307312,0.8405377268791199,0.5018869042396545
0.817997932434082,0.875588595867157,0.33456313610076904,0.8714227080345154,0.8387718200683594,0.5015772581100464
0.8163349628448486,0.8713997602462769,0.34325334429740906,0.8749457001686096,0.837581217288971,0.48966842889785767
0.8179641366004944,0.8753926157951355,0.33365070819854736,0.8746526837348938,0.8401563167572021,0.49891430139541626
0.8189083337783813,0.8756973147392273,0.3327559530735016,0.8688165545463562,0.8335927128791809,0.5109920501708984
0.8182393908500671,0.8739757537841797,0.3367970883846283,0.8813897967338562,0.8454490900039673,0.4857373833656311
0.8153022527694702,0.8734384775161743,0.3410787284374237,0.8788055181503296,0.8394519090652466,0.48812180757522583
0.8196169137954712,0.8748361468315125,0.3336043357849121,0.875714123249054,0.840825617313385,0.5046448111534119
0.8189930319786072,0.8762890696525574,0.33228442072868347,0.8798547387123108,0.8438866138458252,0.4905111789703369
0.819401741027832,0.87663733959198,0.3300537168979645,0.8768359422683716,0.8394432663917542,0.48782598972320557
0.820021390914917,0.8772642016410828,0.3284081518650055,0.8773992657661438,0.8431427478790283,0.49076327681541443
0.818930447101593,0.8769961595535278,0.32991495728492737,0.8733764886856079,0.838558554649353,0.49605464935302734
0.8188157677650452,0.8766805529594421,0.3309725224971771,0.8780084252357483,0.8412621021270752,0.48275113105773926
0.8193907737731934,0.8759351968765259,0.3323478102684021,0.8753790259361267,0.8399220108985901,0.49315646290779114
0.8184598684310913,0.8753507733345032,0.33379843831062317,0.8691461086273193,0.8342742323875427,0.5097658634185791
0.8165072202682495,0.8724945187568665,0.3423779606819153,0.872601330280304,0.8408616781234741,0.5029141902923584
0.8173183798789978,0.8729184865951538,0.3395678400993347,0.8797973394393921,0.8446260690689087,0.48945069313049316
0.8173051476478577,0.8742591142654419,0.33808189630508423,0.8699798583984375,0.8338807225227356,0.4954875707626343
0.8171314597129822,0.8740588426589966,0.3373299837112427,0.8813238739967346,0.8440638780593872,0.487237811088562
0.8188163042068481,0.8766103982925415,0.3305480182170868,0.8781634569168091,0.8430832028388977,0.48933273553848267
0.8195700645446777,0.8771492838859558,0.3288533687591553,0.8785479664802551,0.8429806232452393,0.4950161874294281
0.8210095167160034,0.8792715072631836,0.32477429509162903,0.8754754662513733,0.8426557779312134,0.4948638677597046
0.8196702599525452,0.8772615194320679,0.32865869998931885,0.8679229617118835,0.8355886936187744,0.5178437232971191
0.8186782002449036,0.8760143518447876,0.3323936462402344,0.8778759837150574,0.8402579426765442,0.4966548979282379
0.8162540197372437,0.8732816576957703,0.3402222692966461,0.8794977068901062,0.8411515355110168,0.48045018315315247
0.8157459497451782,0.8744686245918274,0.3385505676269531,0.8783001899719238,0.8412961959838867,0.4949517548084259
0.8192219138145447,0.8771109580993652,0.33019721508026123,0.8739569187164307,0.8398919105529785,0.4977055788040161
0.8185122013092041,0.8748087882995605,0.3345009684562683,0.872326672077179,0.838523268699646,0.49984028935432434
0.8198601007461548,0.8772830963134766,0.3282991647720337,0.8780713081359863,0.843470573425293,0.491720587015152
0.8207802772521973,0.8787792921066284,0.3239966928958893,0.8765673637390137,0.8400678038597107,0.4970319867134094
0.8149853348731995,0.8730343580245972,0.34303298592567444,0.8779321312904358,0.8389424085617065,0.47511643171310425
0.8162558674812317,0.8742486238479614,0.33962711691856384,0.878267228603363,0.8414654731750488,0.48782700300216675
0.8203901648521423,0.8771207928657532,0.32813170552253723,0.8759344220161438,0.84245365858078,0.4986611306667328
0.8217903971672058,0.8799785375595093,0.32139232754707336,0.8827764987945557,0.8465195298194885,0.4924107491970062
0.8195516467094421,0.8799020051956177,0.3237869143486023,0.8777514696121216,0.8397449254989624,0.4942794740200043
0.821290135383606,0.8786258697509766,0.3244536817073822,0.8791449069976807,0.8445291519165039,0.4935440421104431
0.8199185729026794,0.8794776797294617,0.32478347420692444,0.875136137008667,0.8385643362998962,0.5026766061782837
0.8198564648628235,0.8786771893501282,0.3263680636882782,0.8782629370689392,0.8406270742416382,0.49734991788864136
0.8195362687110901,0.8776766061782837,0.3282971978187561,0.8774133324623108,0.8408119678497314,0.5001440644264221
0.8216376900672913,0.8792206048965454,0.32298821210861206,0.8768225312232971,0.8405191898345947,0.4929056465625763
0.821150004863739,0.8798161745071411,0.322620153427124,0.8748406767845154,0.8406432867050171,0.49929821491241455
0.8209539651870728,0.879392147064209,0.3232424855232239,0.8805297613143921,0.8469969034194946,0.5020794868469238
0.821340799331665,0.879429042339325,0.3230937421321869,0.8777441382408142,0.8409122228622437,0.5053077936172485
0.8206120729446411,0.8794839978218079,0.32432252168655396,0.8766869902610779,0.8402432203292847,0.4984574019908905
0.8223057985305786,0.8798969984054565,0.3208881616592407,0.8731768727302551,0.837165117263794,0.5089906454086304
0.8221760392189026,0.8810321092605591,0.3188609778881073,0.8756945729255676,0.8429597020149231,0.4979407787322998
0.8193548321723938,0.8778133392333984,0.3279418647289276,0.8772009015083313,0.8400653600692749,0.499517023563385
0.8206182718276978,0.8794995546340942,0.3242948651313782,0.8786462545394897,0.8376296758651733,0.49848201870918274
0.8198812007904053,0.8789386749267578,0.3251104950904846,0.8775213360786438,0.8420066237449646,0.4912744164466858
0.8207690715789795,0.8786455392837524,0.32480502128601074,0.8791912794113159,0.8441264629364014,0.49087822437286377
0.821097195148468,0.8810745477676392,0.3206048309803009,0.8783605694770813,0.8419815897941589,0.500735878944397
0.8218161463737488,0.8815037608146667,0.31908363103866577,0.8772387504577637,0.8463541865348816,0.5030915141105652
0.8197314739227295,0.8773330450057983,0.3291134238243103,0.8709673881530762,0.8364584445953369,0.5038433074951172
0.8194077014923096,0.8779205083847046,0.32701337337493896,0.8737988471984863,0.8361267447471619,0.5083027482032776
0.8217591643333435,0.8802092671394348,0.3208940923213959,0.8580591082572937,0.8264413475990295,0.5411078333854675
0.8202787041664124,0.8768665194511414,0.3290412724018097,0.8782171607017517,0.8446741104125977,0.4912186861038208
0.8177638053894043,0.8776636123657227,0.33152711391448975,0.8730560541152954,0.8342975378036499,0.5110279321670532
0.8208358287811279,0.8767118453979492,0.327779620885849,0.8737225532531738,0.8424975872039795,0.5149538516998291
0.82062828540802,0.8788009881973267,0.3252904415130615,0.8789440989494324,0.8448169231414795,0.496688574552536
0.8214106559753418,0.8803685903549194,0.3210202157497406,0.8772973418235779,0.8392477631568909,0.4979243576526642
0.8222193717956543,0.8803831934928894,0.3199233412742615,0.8777288794517517,0.8430250883102417,0.49876388907432556
0.8217915296554565,0.8817726969718933,0.31754592061042786,0.8748504519462585,0.8390643000602722,0.5007932186126709
0.8215416073799133,0.8812800645828247,0.3193153142929077,0.8787890672683716,0.8420695662498474,0.4932427704334259
0.8225253820419312,0.8805761337280273,0.31976884603500366,0.8802490234375,0.8434354662895203,0.49166497588157654
0.8208293318748474,0.8791154623031616,0.3241204619407654,0.8705956935882568,0.8373013138771057,0.513443648815155
0.8202189803123474,0.8785384297370911,0.32633209228515625,0.8708673119544983,0.8430657386779785,0.5158761143684387
0.8206803202629089,0.8785015344619751,0.32580891251564026,0.8790673613548279,0.8428124785423279,0.4962936341762543
0.8207771182060242,0.8795631527900696,0.3236254155635834,0.878023087978363,0.8425277471542358,0.4844345152378082
0.8190914392471313,0.877605140209198,0.32946768403053284,0.8801568746566772,0.8432588577270508,0.4911763668060303
0.8214010000228882,0.8806146383285522,0.3195827901363373,0.8787188529968262,0.8427084684371948,0.4994005560874939
0.8220236897468567,0.8812649846076965,0.3187187910079956,0.8808435201644897,0.8441809415817261,0.49597442150115967
0.8229189515113831,0.8819931745529175,0.3167690634727478,0.8809069991111755,0.846625804901123,0.49544745683670044
0.8220010995864868,0.8813085556030273,0.31906458735466003,0.8721612691879272,0.8384912610054016,0.5096290707588196
0.8204504251480103,0.8790637850761414,0.3246927559375763,0.8737835884094238,0.8381807804107666,0.5038614869117737
0.8183173537254333,0.8769330978393555,0.3315542936325073,0.8736651539802551,0.8373039960861206,0.4942065179347992
0.8181366920471191,0.8783111572265625,0.3290041387081146,0.8776642084121704,0.8417425155639648,0.4891453981399536
0.8217034935951233,0.8805147409439087,0.3198073208332062,0.8770886063575745,0.8432160019874573,0.49646735191345215
0.8216711282730103,0.8798823356628418,0.32168203592300415,0.8771100044250488,0.846179187297821,0.4987870752811432
0.8220664262771606,0.8810639381408691,0.31960561871528625,0.8706103563308716,0.8358631134033203,0.5048022866249084
0.8227441310882568,0.8819637298583984,0.31509706377983093,0.8761224150657654,0.8411004543304443,0.49729305505752563
0.8178467750549316,0.8775998950004578,0.33141565322875977,0.8806121945381165,0.8420728445053101,0.471591979265213
0.8161953091621399,0.8741425275802612,0.3404243588447571,0.8770556449890137,0.8439295291900635,0.5049675703048706
0.822006106376648,0.8799514770507812,0.3215314447879791,0.8774084448814392,0.8434787392616272,0.5037147402763367
0.8230628371238708,0.8823348879814148,0.3152306079864502,0.8804309368133545,0.8425536751747131,0.5029299259185791
0.8197311758995056,0.8808119893074036,0.32292699813842773,0.8732580542564392,0.839400053024292,0.5027746558189392
0.8220848441123962,0.8804523348808289,0.31990453600883484,0.8763775825500488,0.8395412564277649,0.4943004250526428
0.8217062950134277,0.8821857571601868,0.31744298338890076,0.8759515285491943,0.8427603244781494,0.5011839866638184
0.8226495385169983,0.8828334808349609,0.31409752368927,0.8783477544784546,0.8441866040229797,0.4947408437728882
0.821154773235321,0.8805876970291138,0.32035860419273376,0.8742730617523193,0.8394344449043274,0.4970952570438385
0.8229594826698303,0.8817657232284546,0.3168589770793915,0.8743048310279846,0.8401284217834473,0.5040649175643921
0.8227534294128418,0.8828193545341492,0.3149046003818512,0.8805963397026062,0.8440803289413452,0.4909452497959137
0.8226913809776306,0.8823663592338562,0.3149903416633606,0.8788476586341858,0.8449807167053223,0.49943554401397705
0.8237832188606262,0.8837026357650757,0.3122316300868988,0.8777441382408142,0.8415758609771729,0.5022298693656921
0.8221212029457092,0.8822662234306335,0.3180049657821655,0.8802154660224915,0.8416270613670349,0.4933584928512573
0.8228658437728882,0.8811112642288208,0.3177563548088074,0.876021146774292,0.8426580429077148,0.5021036267280579
0.8234513998031616,0.882825493812561,0.3130229115486145,0.8768383860588074,0.8445180654525757,0.5026910901069641
0.8212822079658508,0.8811429738998413,0.3200541138648987,0.8721246123313904,0.838720440864563,0.5021966695785522
0.8208387494087219,0.8796316981315613,0.32322075963020325,0.878521740436554,0.8456231951713562,0.49094733595848083
0.8227720856666565,0.8835280537605286,0.3134954273700714,0.8801690936088562,0.8423364162445068,0.5022267699241638
0.8227945566177368,0.8823562860488892,0.3151996433734894,0.875592052936554,0.8411637544631958,0.506113588809967
0.8218199610710144,0.8826087713241577,0.31615808606147766,0.8756091594696045,0.8381560444831848,0.5002453923225403
0.8236429691314697,0.8838751912117004,0.31117215752601624,0.8816827535629272,0.849721372127533,0.49974289536476135
0.8223261833190918,0.881550133228302,0.3185850977897644,0.8720409870147705,0.8404073119163513,0.5079279541969299
0.8211489319801331,0.8810493350028992,0.3202449083328247,0.8710583448410034,0.8374231457710266,0.5092666745185852
0.8240092992782593,0.8837634325027466,0.3113345503807068,0.8619891405105591,0.8320443630218506,0.5304796695709229
0.8210006356239319,0.8783524632453918,0.3262799084186554,0.8761389255523682,0.8381175994873047,0.4992009401321411
0.8201777338981628,0.8810476064682007,0.32129454612731934,0.8717010617256165,0.8416883945465088,0.5097891092300415
0.8235123157501221,0.8811119794845581,0.316352903842926,0.8711444139480591,0.8415083885192871,0.5194061398506165
0.8224242925643921,0.8819617033004761,0.31703242659568787,0.8801245093345642,0.846125602722168,0.4998505711555481
0.8241302371025085,0.8847824931144714,0.30995455384254456,0.8737860321998596,0.8396576642990112,0.5062474012374878
0.8245738744735718,0.8842731714248657,0.3099207878112793,0.8790954351425171,0.8463109731674194,0.49859070777893066
0.823779284954071,0.8851661682128906,0.309061199426651,0.8755596876144409,0.8392678499221802,0.4980347156524658
0.8234032988548279,0.884146511554718,0.3116922676563263,0.8803985714912415,0.8434892892837524,0.4976932406425476
0.8246727585792542,0.8842220306396484,0.31061720848083496,0.8830694556236267,0.8456237316131592,0.501797080039978
0.8222665786743164,0.8817340731620789,0.3170558214187622,0.8743804693222046,0.8374865055084229,0.5074967741966248
0.8236740827560425,0.8837076425552368,0.31211498379707336,0.8761706352233887,0.8448642492294312,0.497176855802536
0.8229787349700928,0.8825275301933289,0.31561318039894104,0.876096785068512,0.8388280868530273,0.515543520450592
0.824235200881958,0.8849420547485352,0.309245765209198,0.8821685910224915,0.846410870552063,0.4985466003417969
0.8223267793655396,0.8827699422836304,0.3164209723472595,0.8792614936828613,0.841644287109375,0.5015965700149536
0.8239256739616394,0.8845904469490051,0.30943626165390015,0.8767187595367432,0.8427771329879761,0.5101639628410339
0.8244329690933228,0.8849574327468872,0.30871155858039856,0.8788384795188904,0.8413751721382141,0.5094180107116699
0.8242430686950684,0.8842537999153137,0.31128832697868347,0.8799065947532654,0.8460632562637329,0.49436214566230774
0.8232337832450867,0.8834209442138672,0.313495934009552,0.8771350383758545,0.8432691097259521,0.501685619354248
0.8230101466178894,0.8830707669258118,0.3139965832233429,0.8783605694770813,0.84443199634552,0.4961368441581726
0.8220959305763245,0.8826444745063782,0.31640374660491943,0.8775805830955505,0.8443895578384399,0.49523285031318665
0.822250247001648,0.8844699859619141,0.31220129132270813,0.874114990234375,0.8419644832611084,0.5092104077339172
0.8243991732597351,0.8852365612983704,0.3085479140281677,0.8756188750267029,0.8435891270637512,0.5022423267364502
0.8245623707771301,0.8843614459037781,0.3093048632144928,0.8826983571052551,0.8479002118110657,0.5026317834854126
0.8247631788253784,0.8858878016471863,0.3079168498516083,0.8788610696792603,0.8436625003814697,0.5006920099258423
0.8248343467712402,0.8851712942123413,0.3065958023071289,0.877636730670929,0.8445674180984497,0.5020467638969421
0.8207203149795532,0.8819792866706848,0.3201344311237335,0.8814477324485779,0.8435137867927551,0.4729093909263611
